<project name="axml-proguard" default="debug">
    <target name="-obfuscate">
        <if condition="${proguard.enabled}">
            <then>
                <property name="obfuscate.absolute.dir" location="${out.absolute.dir}/proguard" />
                <property name="preobfuscate.jar.file" value="${obfuscate.absolute.dir}/original.jar" />
                <property name="obfuscated.jar.file" value="${obfuscate.absolute.dir}/obfuscated.jar" />
                <!-- input for dex will be proguard's output -->
                <property name="out.dex.input.absolute.dir" value="${obfuscated.jar.file}" />

                <!-- Add Proguard Tasks -->
                <property name="proguard.jar" location="${android.tools.dir}/proguard/lib/proguard.jar" />
                <taskdef name="proguard" classname="proguard.ant.ProGuardTask" classpath="${proguard.jar}" />

                <!-- Set the android classpath Path object into a single property. It'll be
                     all the jar files separated by a platform path-separator.
                     Each path must be quoted if it contains spaces.
                -->
                <pathconvert property="project.target.classpath.value" refid="project.target.class.path">
                    <firstmatchmapper>
                        <regexpmapper from='^([^ ]*)( .*)$$' to='"\1\2"'/>
                        <identitymapper/>
                    </firstmatchmapper>
                </pathconvert>

                <!-- Build a path object with all the jar files that must be obfuscated.
                     This include the project compiled source code and any 3rd party jar
                     files. -->
                <path id="project.all.classes.path">
                    <pathelement location="${preobfuscate.jar.file}" />
                    <path refid="project.all.jars.path" />
                </path>
                <!-- Set the project jar files Path object into a single property. It'll be
                     all the jar files separated by a platform path-separator.
                     Each path must be quoted if it contains spaces.
                -->
                <pathconvert property="project.all.classes.value" refid="project.all.classes.path">
                    <firstmatchmapper>
                        <regexpmapper from='^([^ ]*)( .*)$$' to='"\1\2"'/>
                        <identitymapper/>
                    </firstmatchmapper>
                </pathconvert>

                <!-- Turn the path property ${proguard.config} from an A:B:C property
                     into a series of includes: -include A -include B -include C
                     suitable for processing by the ProGuard task. Note - this does
                     not include the leading '-include "' or the closing '"'; those
                     are added under the <proguard> call below.
                -->
                <path id="proguard.configpath">
                    <pathelement path="${proguard.config}"/>
                </path>
                <pathconvert pathsep='" -include "' property="proguard.configcmd" refid="proguard.configpath"/>

                <mkdir   dir="${obfuscate.absolute.dir}" />
                <delete file="${preobfuscate.jar.file}"/>
                <delete file="${obfuscated.jar.file}"/>
                <jar basedir="${out.classes.absolute.dir}"
                    destfile="${preobfuscate.jar.file}" />
		<echo>${resource.package.file.name}</echo>
                <proguard>
                    -include      "${proguard.configcmd}"
                    -injars       ${project.all.classes.value}
                    -outjars      "${obfuscated.jar.file}"
                    -libraryjars  ${project.target.classpath.value}
                    -dump         "${obfuscate.absolute.dir}/dump.txt"
                    -printseeds   "${obfuscate.absolute.dir}/seeds.txt"
                    -printusage   "${obfuscate.absolute.dir}/usage.txt"
                    -printmapping "${obfuscate.absolute.dir}/mapping.txt"
                </proguard>
		
            </then>
        </if>
    </target>
    
        <target name="-package-resources" depends="-crunch">
        <!-- only package resources if *not* a library project -->
        <do-only-if-not-library elseText="Library project: do not package resources..." >
            <aapt executable="${aapt}"
                    command="package"
                    versioncode="${version.code}"
                    versionname="${version.name}"
                    debug="${build.is.packaging.debug}"
                    manifest="${out.manifest.abs.file}"
                    assets="${asset.absolute.dir}"
                    androidjar="${project.target.android.jar}"
                    apkfolder="${out.absolute.dir}"
                    nocrunch="${build.packaging.nocrunch}"
                    resourcefilename="${resource.package.file.name}"
                    resourcefilter="${aapt.resource.filter}"
                    libraryResFolderPathRefid="project.library.res.folder.path"
                    libraryPackagesRefid="project.library.packages"
                    libraryRFileRefid="project.library.bin.r.file.path"
                    previousBuildType="${build.last.target}"
                    buildType="${build.target}"
                    ignoreAssets="${aapt.ignore.assets}">
                <res path="${out.res.absolute.dir}" />
                <res path="${resource.absolute.dir}" />
                <!-- <nocompress /> forces no compression on any files in assets or res/raw -->
                <!-- <nocompress extension="xml" /> forces no compression on specific file extensions in assets and res/raw -->
            </aapt>
	    <if condition="${proguard.enabled}">
            <then>
	      <delete dir="${out.absolute.dir}/axml/"/>
	      <delete file="${out.absolute.dir}/manifest-old.axml"/>
		<unzip src="${out.absolute.dir}/${resource.package.file.name}" dest="${out.absolute.dir}/axml/"/>
		
		<move file="${out.absolute.dir}/axml/AndroidManifest.xml" tofile="${out.absolute.dir}/manifest-old.axml"/>
		<java classpath="axml.jar" classname="pxb.android.axml.RemapAndrdoiManifestByProguard">
		  <arg value="--strip"/>
		  <arg value="${out.absolute.dir}/manifest-old.axml"/>
		  <arg value="${obfuscate.absolute.dir}/mapping.txt"/>
		  <arg value="${out.absolute.dir}/axml/AndroidManifest.xml"/>
		</java>
		<zip destfile="${out.absolute.dir}/${resource.package.file.name}" basedir="${out.absolute.dir}/axml/" />
	      </then>
	    </if>
        </do-only-if-not-library>
    </target> 
  </project>